<office:font-decls><style:font-decl style:name="StarSymbol" fo:font-family="StarSymbol" style:font-charset="x-symbol"/><style:font-decl style:name="Tahoma1" fo:font-family="Tahoma, Lucidasans, &apos;Lucida Sans&apos;, &apos;Arial Unicode MS&apos;"/><style:font-decl style:name="Bitstream Vera Sans Mono" fo:font-family="&apos;Bitstream Vera Sans Mono&apos;" style:font-pitch="fixed"/><style:font-decl style:name="Bitstream Vera Sans Mono1" fo:font-family="&apos;Bitstream Vera Sans Mono&apos;" style:font-family-generic="modern" style:font-pitch="fixed"/><style:font-decl style:name="Bitstream Vera Sans1" fo:font-family="&apos;Bitstream Vera Sans&apos;" style:font-pitch="variable"/><style:font-decl style:name="Bitstream Vera Serif" fo:font-family="&apos;Bitstream Vera Serif&apos;" style:font-pitch="variable"/><style:font-decl style:name="HG Mincho Light J" fo:font-family="&apos;HG Mincho Light J&apos;, &apos;MS Mincho&apos;, &apos;HG Mincho J&apos;, &apos;HG Mincho L&apos;, &apos;HG Mincho&apos;, Mincho, &apos;MS PMincho&apos;, &apos;HG Mincho Light J&apos;, &apos;MS Gothic&apos;, &apos;HG Gothic J&apos;, &apos;HG Gothic B&apos;, &apos;HG Gothic&apos;, Gothic, &apos;MS PGothic&apos;, &apos;Andale Sans UI&apos;, &apos;Arial Unicode MS&apos;, &apos;Lucida Sans Unicode&apos;, Tahoma" style:font-pitch="variable"/><style:font-decl style:name="Tahoma" fo:font-family="Tahoma, Lucidasans, &apos;Lucida Sans&apos;, &apos;Arial Unicode MS&apos;" style:font-pitch="variable"/><style:font-decl style:name="Nimbus Roman No9 L" fo:font-family="&apos;Nimbus Roman No9 L&apos;" style:font-family-generic="roman" style:font-pitch="variable"/><style:font-decl style:name="Bitstream Vera Sans" fo:font-family="&apos;Bitstream Vera Sans&apos;" style:font-family-generic="swiss" style:font-pitch="variable"/></office:font-decls><office:styles><style:default-style style:family="graphics"><style:properties draw:start-line-spacing-horizontal="0.283cm" draw:start-line-spacing-vertical="0.283cm" draw:end-line-spacing-horizontal="0.283cm" draw:end-line-spacing-vertical="0.283cm" style:use-window-font-color="true" style:font-name="Nimbus Roman No9 L" fo:font-size="12pt" fo:language="en" fo:country="US" style:font-name-asian="Bitstream Vera Sans1" style:font-size-asian="12pt" style:language-asian="none" style:country-asian="none" style:font-name-complex="Tahoma" style:font-size-complex="12pt" style:language-complex="none" style:country-complex="none" style:text-autospace="ideograph-alpha" style:line-break="strict" style:writing-mode="lr-tb"><style:tab-stops/></style:properties></style:default-style><style:default-style style:family="paragraph"><style:properties style:use-window-font-color="true" style:font-name="Nimbus Roman No9 L" fo:font-size="12pt" fo:language="en" fo:country="US" style:font-name-asian="Bitstream Vera Sans1" style:font-size-asian="12pt" style:language-asian="none" style:country-asian="none" style:font-name-complex="Tahoma" style:font-size-complex="12pt" style:language-complex="none" style:country-complex="none" fo:hyphenate="false" fo:hyphenation-remain-char-count="2" fo:hyphenation-push-char-count="2" fo:hyphenation-ladder-count="no-limit" style:text-autospace="ideograph-alpha" style:punctuation-wrap="hanging" style:line-break="strict" style:tab-stop-distance="1.251cm" style:writing-mode="page"/></style:default-style><style:style style:name="Standard" style:family="paragraph" style:class="text"><style:properties style:font-name="Bitstream Vera Serif" fo:font-size="8pt" style:font-size-asian="8pt" style:font-size-complex="8pt" fo:text-align="start" style:justify-single-word="false"/></style:style><style:style style:name="Text body" style:family="paragraph" style:parent-style-name="Standard" style:class="text"><style:properties fo:margin-top="0cm" fo:margin-bottom="0.212cm"/></style:style><style:style style:name="Text body indent" style:family="paragraph" style:parent-style-name="Text body" style:class="text"><style:properties fo:margin-left="0.499cm" fo:margin-right="0cm" fo:text-indent="0cm" style:auto-text-indent="false"/></style:style><style:style style:name="Heading" style:family="paragraph" style:parent-style-name="Standard" style:next-style-name="Text body" style:class="text"><style:properties fo:margin-top="0.423cm" fo:margin-bottom="0.212cm" style:font-name="Bitstream Vera Sans" fo:font-size="14pt" style:font-name-asian="HG Mincho Light J" style:font-size-asian="14pt" style:font-name-complex="Tahoma" style:font-size-complex="14pt" fo:keep-with-next="true"/></style:style><style:style style:name="Heading 1" style:family="paragraph" style:parent-style-name="Heading" style:next-style-name="Text body" style:class="text" style:master-page-name=""><style:properties style:font-name="Bitstream Vera Sans1" fo:font-size="22pt" fo:font-weight="bold" style:font-size-asian="22pt" style:font-weight-asian="bold" style:font-size-complex="22pt" style:font-weight-complex="bold" style:page-number="0" fo:break-before="auto" fo:break-after="auto"/></style:style><style:style style:name="Heading 2" style:family="paragraph" style:parent-style-name="Heading" style:next-style-name="Text body" style:class="text"><style:properties style:font-name="Bitstream Vera Sans1" fo:font-size="14pt" fo:font-style="italic" fo:font-weight="bold" style:font-size-asian="14pt" style:font-style-asian="italic" style:font-weight-asian="bold" style:font-size-complex="14pt" style:font-style-complex="italic" style:font-weight-complex="bold"/></style:style><style:style style:name="Heading 3" style:family="paragraph" style:parent-style-name="Heading" style:next-style-name="Text body" style:class="text"><style:properties style:font-name="Bitstream Vera Sans1" fo:font-size="10pt" fo:font-weight="bold" style:font-size-asian="10pt" style:font-weight-asian="bold" style:font-size-complex="10pt" style:font-weight-complex="bold"/></style:style><style:style style:name="Heading 4" style:family="paragraph" style:parent-style-name="Heading" style:next-style-name="Text body" style:class="text"><style:properties style:font-name="Bitstream Vera Sans1" fo:font-size="10pt" fo:font-style="italic" fo:font-weight="bold" style:font-size-asian="10pt" style:font-style-asian="italic" style:font-weight-asian="bold" style:font-size-complex="10pt" style:font-style-complex="italic" style:font-weight-complex="bold"/></style:style><style:style style:name="List" style:family="paragraph" style:parent-style-name="Text body" style:class="list"><style:properties style:font-name-complex="Tahoma1"/></style:style><style:style style:name="Header" style:family="paragraph" style:parent-style-name="Standard" style:class="extra"><style:properties text:number-lines="false" text:line-number="0"><style:tab-stops><style:tab-stop style:position="7.62cm" style:type="center"/><style:tab-stop style:position="15.24cm" style:type="right"/></style:tab-stops></style:properties></style:style><style:style style:name="Footer" style:family="paragraph" style:parent-style-name="Standard" style:class="extra"><style:properties text:number-lines="false" text:line-number="0"><style:tab-stops><style:tab-stop style:position="7.62cm" style:type="center"/><style:tab-stop style:position="15.24cm" style:type="right"/></style:tab-stops></style:properties></style:style><style:style style:name="Table Contents" style:family="paragraph" style:parent-style-name="Text body" style:class="extra"><style:properties text:number-lines="false" text:line-number="0"/></style:style><style:style style:name="Table Heading" style:family="paragraph" style:parent-style-name="Table Contents" style:class="extra"><style:properties fo:font-style="italic" fo:font-weight="bold" style:font-style-asian="italic" style:font-weight-asian="bold" style:font-style-complex="italic" style:font-weight-complex="bold" fo:text-align="start" style:justify-single-word="false" text:number-lines="false" text:line-number="0"/></style:style><style:style style:name="Caption" style:family="paragraph" style:parent-style-name="Standard" style:class="extra"><style:properties fo:margin-top="0.212cm" fo:margin-bottom="0.212cm" fo:font-size="10pt" fo:font-style="italic" style:font-size-asian="10pt" style:font-style-asian="italic" style:font-name-complex="Tahoma1" style:font-size-complex="10pt" style:font-style-complex="italic" text:number-lines="false" text:line-number="0"/></style:style><style:style style:name="Index" style:family="paragraph" style:parent-style-name="Standard" style:class="index"><style:properties style:font-name-complex="Tahoma1" text:number-lines="false" text:line-number="0"/></style:style><style:style style:name="Contents Heading" style:family="paragraph" style:parent-style-name="Heading" style:class="index"><style:properties fo:margin-left="0cm" fo:margin-right="0cm" fo:font-size="16pt" fo:font-weight="bold" style:font-size-asian="16pt" style:font-weight-asian="bold" style:font-size-complex="16pt" style:font-weight-complex="bold" fo:text-indent="0cm" style:auto-text-indent="false" text:number-lines="false" text:line-number="0"/></style:style><style:style style:name="Contents 1" style:family="paragraph" style:parent-style-name="Index" style:class="index"><style:properties fo:margin-left="0cm" fo:margin-right="0cm" fo:font-weight="bold" style:font-weight-asian="bold" style:font-weight-complex="bold" fo:text-indent="0cm" style:auto-text-indent="false"><style:tab-stops><style:tab-stop style:position="15.24cm" style:type="right" style:leader-char="."/></style:tab-stops></style:properties></style:style><style:style style:name="Contents 2" style:family="paragraph" style:parent-style-name="Index" style:class="index"><style:properties fo:margin-left="0.499cm" fo:margin-right="0cm" fo:text-indent="0cm" style:auto-text-indent="false"><style:tab-stops><style:tab-stop style:position="14.741cm" style:type="right" style:leader-char="."/></style:tab-stops></style:properties></style:style><style:style style:name="Contents 3" style:family="paragraph" style:parent-style-name="Index" style:class="index"><style:properties fo:margin-left="0.998cm" fo:margin-right="0cm" fo:text-indent="0cm" style:auto-text-indent="false"><style:tab-stops><style:tab-stop style:position="14.242cm" style:type="right" style:leader-char="."/></style:tab-stops></style:properties></style:style><style:style style:name="Quotations" style:family="paragraph" style:parent-style-name="Standard" style:class="html"><style:properties fo:margin-left="1cm" fo:margin-right="1cm" fo:margin-top="0cm" fo:margin-bottom="0.499cm" fo:text-indent="0cm" style:auto-text-indent="false"/></style:style><style:style style:name="Preformatted Text" style:family="paragraph" style:parent-style-name="Standard" style:class="html" style:master-page-name=""><style:properties fo:margin-top="0cm" fo:margin-bottom="0cm" style:font-name="Bitstream Vera Sans Mono1" fo:font-size="10pt" style:font-name-asian="Bitstream Vera Sans Mono1" style:font-size-asian="10pt" style:font-name-complex="Bitstream Vera Sans Mono1" style:font-size-complex="10pt" style:break-inside="avoid" style:page-number="0"/></style:style><style:style style:name="Horizontal Line" style:family="paragraph" style:parent-style-name="Standard" style:next-style-name="Text body" style:auto-update="true" style:class="html" style:master-page-name=""><style:properties fo:margin-top="0cm" fo:margin-bottom="0.499cm" fo:font-size="6pt" style:font-size-asian="6pt" style:font-size-complex="6pt" style:page-number="0" fo:padding="0.051cm" fo:border-left="none" fo:border-right="none" fo:border-top="none" fo:border-bottom="0.002cm solid #000000" text:number-lines="false" text:line-number="0" style:join-border="false"/></style:style><style:style style:name="Numbering Symbols" style:family="text"/><style:style style:name="Bullet Symbols" style:family="text"><style:properties style:font-name="StarSymbol" fo:font-size="9pt" style:font-name-asian="StarSymbol" style:font-size-asian="9pt" style:font-name-complex="StarSymbol" style:font-size-complex="9pt"/></style:style><style:style style:name="Internet link" style:family="text"><style:properties fo:color="#000080" style:text-underline="single" style:text-underline-color="font-color"/></style:style><style:style style:name="Visited Internet Link" style:family="text"><style:properties fo:color="#800000" style:text-underline="single" style:text-underline-color="font-color"/></style:style><style:style style:name="Graphics" style:family="graphics"><style:properties text:anchor-type="paragraph" svg:x="0cm" svg:y="0cm" style:wrap="none" style:vertical-pos="top" style:vertical-rel="paragraph" style:horizontal-pos="center" style:horizontal-rel="paragraph"/></style:style><text:outline-style><text:outline-level-style text:level="1" style:num-format=""/><text:outline-level-style text:level="2" style:num-format=""/><text:outline-level-style text:level="3" style:num-format=""/><text:outline-level-style text:level="4" style:num-format=""/><text:outline-level-style text:level="5" style:num-format=""/><text:outline-level-style text:level="6" style:num-format=""/><text:outline-level-style text:level="7" style:num-format=""/><text:outline-level-style text:level="8" style:num-format=""/><text:outline-level-style text:level="9" style:num-format=""/><text:outline-level-style text:level="10" style:num-format=""/></text:outline-style><text:footnotes-configuration style:num-format="1" text:start-value="0" text:footnotes-position="page" text:start-numbering-at="document"/><text:endnotes-configuration style:num-format="i" text:start-value="0"/><text:linenumbering-configuration text:number-lines="false" text:offset="0.499cm" style:num-format="1" text:number-position="left" text:increment="5"/></office:styles><office:automatic-styles><style:style style:name="Table2" style:family="table"><style:properties style:width="15.24cm" table:align="margins"/></style:style><style:style style:name="Table2.A" style:family="table-column"><style:properties style:column-width="7.62cm" style:rel-column-width="32767*"/></style:style><style:style style:name="Table2.B" style:family="table-column"><style:properties style:column-width="7.62cm" style:rel-column-width="32768*"/></style:style><style:style style:name="Table2.A1" style:family="table-cell"><style:properties fo:padding="0.097cm" fo:border="none"/></style:style><style:style style:name="Table3" style:family="table"><style:properties style:width="15.24cm" table:align="margins"/></style:style><style:style style:name="Table3.A" style:family="table-column"><style:properties style:column-width="7.62cm" style:rel-column-width="32767*"/></style:style><style:style style:name="Table3.B" style:family="table-column"><style:properties style:column-width="7.62cm" style:rel-column-width="32768*"/></style:style><style:style style:name="Table3.A1" style:family="table-cell"><style:properties fo:padding="0.097cm" fo:border="none"/></style:style><style:style style:name="Tableau1" style:family="table"><style:properties style:width="17.59cm" table:align="margins"/></style:style><style:style style:name="Tableau1.A" style:family="table-column"><style:properties style:column-width="8.795cm" style:rel-column-width="32767*"/></style:style><style:style style:name="Tableau1.B" style:family="table-column"><style:properties style:column-width="8.795cm" style:rel-column-width="32768*"/></style:style><style:style style:name="Tableau1.A1" style:family="table-cell"><style:properties fo:padding="0.097cm" fo:border="none"/></style:style><style:style style:name="Tableau2" style:family="table"><style:properties style:width="17.59cm" table:align="margins"/></style:style><style:style style:name="Tableau2.A" style:family="table-column"><style:properties style:column-width="8.795cm" style:rel-column-width="32767*"/></style:style><style:style style:name="Tableau2.B" style:family="table-column"><style:properties style:column-width="8.795cm" style:rel-column-width="32768*"/></style:style><style:style style:name="Tableau2.A1" style:family="table-cell"><style:properties fo:padding="0.097cm" fo:border="none"/></style:style><style:style style:name="P1" style:family="paragraph" style:parent-style-name="Standard"><style:properties style:font-name="Bitstream Vera Serif" fo:font-size="6pt" style:font-size-asian="6pt" style:font-size-complex="6pt"/></style:style><style:style style:name="P2" style:family="paragraph" style:parent-style-name="Standard"><style:properties style:font-name="Bitstream Vera Serif" fo:font-size="6pt" style:font-size-asian="6pt" style:font-size-complex="6pt" fo:text-align="end" style:justify-single-word="false"/></style:style><style:page-master style:name="pm1"><style:properties fo:page-width="21.59cm" fo:page-height="27.94cm" style:num-format="1" style:print-orientation="portrait" fo:margin-top="2.54cm" fo:margin-bottom="2.54cm" fo:margin-left="3.175cm" fo:margin-right="3.175cm" style:writing-mode="lr-tb" style:footnote-max-height="0cm"><style:footnote-sep style:width="0.018cm" style:distance-before-sep="0.101cm" style:distance-after-sep="0.101cm" style:adjustment="left" style:rel-width="25%" style:color="#000000"/></style:properties><style:header-style><style:properties fo:min-height="0cm" fo:margin-left="0cm" fo:margin-right="0cm" fo:margin-bottom="0.499cm"/></style:header-style><style:footer-style><style:properties fo:min-height="0cm" fo:margin-left="0cm" fo:margin-right="0cm" fo:margin-top="0.499cm"/></style:footer-style></style:page-master><style:page-master style:name="pm2"><style:properties fo:page-width="21.59cm" fo:page-height="27.94cm" style:num-format="1" style:print-orientation="portrait" fo:margin-top="2cm" fo:margin-bottom="2cm" fo:margin-left="2cm" fo:margin-right="2cm" style:writing-mode="lr-tb" style:footnote-max-height="0cm"><style:footnote-sep style:width="0.018cm" style:distance-before-sep="0.101cm" style:distance-after-sep="0.101cm" style:adjustment="left" style:rel-width="25%" style:color="#000000"/></style:properties><style:header-style/><style:footer-style/></style:page-master><style:page-master style:name="pm3"><style:properties fo:page-width="21.59cm" fo:page-height="27.94cm" style:num-format="1" style:print-orientation="portrait" fo:margin-top="2cm" fo:margin-bottom="2cm" fo:margin-left="2cm" fo:margin-right="2cm" style:writing-mode="lr-tb" style:footnote-max-height="0cm"><style:footnote-sep style:width="0.018cm" style:distance-before-sep="0.101cm" style:distance-after-sep="0.101cm" style:adjustment="left" style:rel-width="25%" style:color="#000000"/></style:properties><style:header-style><style:properties fo:min-height="0.998cm" fo:margin-left="0cm" fo:margin-right="0cm" fo:margin-bottom="0.499cm" style:dynamic-spacing="false"/></style:header-style><style:footer-style><style:properties fo:min-height="0.998cm" fo:margin-left="0cm" fo:margin-right="0cm" fo:margin-top="0.499cm" style:dynamic-spacing="false"/></style:footer-style></style:page-master></office:automatic-styles>
