<office:font-decls><style:font-decl style:name="StarSymbol" fo:font-family="StarSymbol" style:font-charset="x-symbol"/><style:font-decl style:name="Tahoma1" fo:font-family="Tahoma, Lucidasans, &apos;Lucida Sans&apos;, &apos;Arial Unicode MS&apos;"/><style:font-decl style:name="Bitstream Vera Sans Mono" fo:font-family="&apos;Bitstream Vera Sans Mono&apos;" style:font-pitch="fixed"/><style:font-decl style:name="Bitstream Vera Sans Mono1" fo:font-family="&apos;Bitstream Vera Sans Mono&apos;" style:font-family-generic="modern" style:font-pitch="fixed"/><style:font-decl style:name="Bitstream Vera Sans1" fo:font-family="&apos;Bitstream Vera Sans&apos;" style:font-pitch="variable"/><style:font-decl style:name="Bitstream Vera Serif" fo:font-family="&apos;Bitstream Vera Serif&apos;" style:font-pitch="variable"/><style:font-decl style:name="HG Mincho Light J" fo:font-family="&apos;HG Mincho Light J&apos;, &apos;MS Mincho&apos;, &apos;HG Mincho J&apos;, &apos;HG Mincho L&apos;, &apos;HG Mincho&apos;, Mincho, &apos;MS PMincho&apos;, &apos;HG Mincho Light J&apos;, &apos;MS Gothic&apos;, &apos;HG Gothic J&apos;, &apos;HG Gothic B&apos;, &apos;HG Gothic&apos;, Gothic, &apos;MS PGothic&apos;, &apos;Andale Sans UI&apos;, &apos;Arial Unicode MS&apos;, &apos;Lucida Sans Unicode&apos;, Tahoma" style:font-pitch="variable"/><style:font-decl style:name="Tahoma" fo:font-family="Tahoma, Lucidasans, &apos;Lucida Sans&apos;, &apos;Arial Unicode MS&apos;" style:font-pitch="variable"/><style:font-decl style:name="Nimbus Roman No9 L" fo:font-family="&apos;Nimbus Roman No9 L&apos;" style:font-family-generic="roman" style:font-pitch="variable"/><style:font-decl style:name="Bitstream Vera Sans" fo:font-family="&apos;Bitstream Vera Sans&apos;" style:font-family-generic="swiss" style:font-pitch="variable"/></office:font-decls><office:automatic-styles><style:style style:name="Table1" style:family="table"><style:properties style:width="14.951cm" style:rel-width="85%" table:align="center"/></style:style><style:style style:name="Table1.A" style:family="table-column"><style:properties style:column-width="4.988cm" style:rel-column-width="2449*"/></style:style><style:style style:name="Table1.B" style:family="table-column"><style:properties style:column-width="4.987cm" style:rel-column-width="2448*"/></style:style><style:style style:name="Table1.C" style:family="table-column"><style:properties style:column-width="4.974cm" style:rel-column-width="2442*"/></style:style><style:style style:name="Table1.1" style:family="table-row"><style:properties style:min-row-height="0.533cm"/></style:style><style:style style:name="Table1.A1" style:family="table-cell"><style:properties fo:background-color="transparent" fo:padding="0.097cm" fo:border-left="0.002cm solid #000000" fo:border-right="none" fo:border-top="0.002cm solid #000000" fo:border-bottom="0.002cm solid #000000"><style:background-image/></style:properties></style:style><style:style style:name="Table1.C1" style:family="table-cell"><style:properties fo:background-color="transparent" fo:padding="0.097cm" fo:border="0.002cm solid #000000"><style:background-image/></style:properties></style:style><style:style style:name="Table1.A2" style:family="table-cell"><style:properties fo:vertical-align="top" fo:background-color="transparent" fo:padding="0.097cm" fo:border-left="0.002cm solid #000000" fo:border-right="none" fo:border-top="none" fo:border-bottom="0.002cm solid #000000"><style:background-image/></style:properties></style:style><style:style style:name="Table1.C2" style:family="table-cell"><style:properties fo:vertical-align="top" fo:background-color="transparent" fo:padding="0.097cm" fo:border-left="0.002cm solid #000000" fo:border-right="0.002cm solid #000000" fo:border-top="none" fo:border-bottom="0.002cm solid #000000"><style:background-image/></style:properties></style:style><style:style style:name="P1" style:family="paragraph" style:parent-style-name="Standard" style:master-page-name="First Page"><style:properties style:font-name="Bitstream Vera Sans1" fo:font-size="20pt" fo:font-weight="normal" style:font-name-asian="HG Mincho Light J" style:font-size-asian="20pt" style:font-weight-asian="normal" style:font-name-complex="Tahoma" style:font-size-complex="20pt" style:font-weight-complex="normal" fo:text-align="center" style:justify-single-word="false" style:page-number="0" fo:break-before="auto" fo:break-after="auto"/></style:style><style:style style:name="P2" style:family="paragraph" style:parent-style-name="Standard"><style:properties style:font-name="Bitstream Vera Serif" fo:font-size="10pt" style:font-size-asian="10pt" style:font-size-complex="10pt" fo:text-align="center" style:justify-single-word="false"/></style:style><style:style style:name="P3" style:family="paragraph" style:parent-style-name="Standard"><style:properties style:font-name="Bitstream Vera Sans1" fo:font-size="18pt" style:font-size-asian="18pt" style:font-size-complex="18pt" fo:text-align="center" style:justify-single-word="false"/></style:style><style:style style:name="P4" style:family="paragraph" style:parent-style-name="Standard"><style:properties style:font-name="Bitstream Vera Serif" fo:font-size="8pt" style:font-size-asian="8pt" style:font-size-complex="8pt" fo:text-align="center" style:justify-single-word="false"/></style:style><style:style style:name="P5" style:family="paragraph" style:parent-style-name="Contents Heading" style:master-page-name="Index"><style:properties style:page-number="1" fo:break-before="auto" fo:break-after="auto"/></style:style><style:style style:name="P6" style:family="paragraph" style:parent-style-name="Contents 1"><style:properties><style:tab-stops><style:tab-stop style:position="17.59cm" style:type="right" style:leader-char="."/></style:tab-stops></style:properties></style:style><style:style style:name="P7" style:family="paragraph" style:parent-style-name="Contents 2"><style:properties><style:tab-stops><style:tab-stop style:position="17.59cm" style:type="right" style:leader-char="."/></style:tab-stops></style:properties></style:style><style:style style:name="P8" style:family="paragraph" style:parent-style-name="Contents 3"><style:properties><style:tab-stops><style:tab-stop style:position="17.59cm" style:type="right" style:leader-char="."/></style:tab-stops></style:properties></style:style><style:style style:name="P9" style:family="paragraph" style:parent-style-name="Heading 1"><style:properties fo:margin-top="0.423cm" fo:margin-bottom="0.212cm" style:font-name="Bitstream Vera Sans1" fo:font-weight="bold" style:font-name-asian="HG Mincho Light J" style:font-weight-asian="bold" style:font-name-complex="Tahoma" style:font-weight-complex="bold" fo:break-before="page" fo:keep-with-next="true"/></style:style><style:style style:name="P10" style:family="paragraph" style:parent-style-name="Heading 2"><style:properties fo:margin-top="0.423cm" fo:margin-bottom="0.212cm" style:font-name="Bitstream Vera Sans1" fo:font-style="normal" fo:font-weight="bold" style:font-name-asian="HG Mincho Light J" style:font-style-asian="normal" style:font-weight-asian="bold" style:font-name-complex="Tahoma" style:font-style-complex="normal" style:font-weight-complex="bold" fo:keep-with-next="true"/></style:style><style:style style:name="P11" style:family="paragraph" style:parent-style-name="Heading 3"><style:properties fo:margin-top="0.423cm" fo:margin-bottom="0.212cm" fo:font-size="12pt" fo:font-weight="bold" style:font-name-asian="HG Mincho Light J" style:font-size-asian="12pt" style:font-weight-asian="bold" style:font-name-complex="Tahoma" style:font-size-complex="12pt" style:font-weight-complex="bold" fo:keep-with-next="true"/></style:style><style:style style:name="P12" style:family="paragraph" style:parent-style-name="Heading 4"><style:properties fo:margin-top="0.423cm" fo:margin-bottom="0.212cm" fo:font-size="10pt" fo:font-style="normal" fo:font-weight="bold" style:font-name-asian="HG Mincho Light J" style:font-size-asian="10pt" style:font-style-asian="normal" style:font-weight-asian="bold" style:font-name-complex="Tahoma" style:font-size-complex="10pt" style:font-style-complex="normal" style:font-weight-complex="bold" fo:keep-with-next="true"/></style:style><style:style style:name="P13" style:family="paragraph" style:parent-style-name="Standard"><style:properties style:font-name="Bitstream Vera Serif" fo:font-size="8pt" style:font-size-asian="8pt" style:font-size-complex="8pt"/></style:style><style:style style:name="P14" style:family="paragraph" style:parent-style-name="Standard"><style:properties style:font-name="Bitstream Vera Serif" fo:font-size="6pt" style:font-size-asian="6pt" style:font-size-complex="6pt"/></style:style><style:style style:name="P15" style:family="paragraph" style:parent-style-name="Preformatted Text"><style:properties fo:margin-left="1.251cm" fo:margin-right="0cm" fo:margin-top="0cm" fo:margin-bottom="0cm" style:font-name="Bitstream Vera Sans Mono" fo:font-size="7pt" style:font-size-asian="7pt" style:font-size-complex="7pt" fo:text-align="start" style:justify-single-word="false" style:break-inside="avoid" fo:text-indent="0cm" style:auto-text-indent="false"/></style:style><style:style style:name="P16" style:family="paragraph" style:parent-style-name="Standard" style:list-style-name="L1"><style:properties fo:margin-left="0.737cm" fo:margin-right="0cm" style:font-name="Bitstream Vera Serif" fo:font-size="8pt" style:font-size-asian="8pt" style:font-size-complex="8pt" fo:line-height="150%" fo:text-indent="0cm" style:auto-text-indent="false"/></style:style><style:style style:name="P17" style:family="paragraph" style:parent-style-name="Standard" style:list-style-name="L2"><style:properties fo:margin-left="0.737cm" fo:margin-right="0cm" style:font-name="Bitstream Vera Serif" fo:font-size="8pt" style:font-size-asian="8pt" style:font-size-complex="8pt" fo:line-height="150%" fo:text-indent="0cm" style:auto-text-indent="false"/></style:style><style:style style:name="P18" style:family="paragraph" style:parent-style-name="Standard"><style:properties fo:line-height="150%"/></style:style><style:style style:name="P19" style:family="paragraph" style:parent-style-name="Quotations"><style:properties style:font-name="Bitstream Vera Serif" fo:font-size="8pt" style:font-size-asian="8pt" style:font-size-complex="8pt"/></style:style><style:style style:name="P20" style:family="paragraph" style:parent-style-name="Horizontal Line"><style:properties fo:margin-top="0cm" fo:margin-bottom="0.499cm" style:font-name="Bitstream Vera Serif" fo:font-size="6pt" style:font-size-asian="6pt" style:font-size-complex="6pt" fo:text-align="start" style:justify-single-word="false" text:number-lines="false" text:line-number="0" style:join-border="false"/></style:style><style:style style:name="P21" style:family="paragraph" style:parent-style-name="Table Heading"><style:properties style:font-name="Bitstream Vera Serif" fo:font-size="8pt" style:font-size-asian="8pt" style:font-size-complex="8pt"/></style:style><style:style style:name="P22" style:family="paragraph" style:parent-style-name="Table Contents"><style:properties style:font-name="Bitstream Vera Serif" fo:font-size="8pt" style:font-size-asian="8pt" style:font-size-complex="8pt" fo:text-align="start" style:justify-single-word="false"/></style:style><style:style style:name="P23" style:family="paragraph" style:parent-style-name="Heading 1" style:master-page-name="Standard"><style:properties fo:margin-top="0.423cm" fo:margin-bottom="0.212cm" style:font-name="Bitstream Vera Sans1" fo:font-weight="bold" style:font-name-asian="HG Mincho Light J" style:font-weight-asian="bold" style:font-name-complex="Tahoma" style:font-weight-complex="bold" fo:text-align="start" style:justify-single-word="false" style:page-number="1" fo:break-before="auto" fo:break-after="auto" fo:keep-with-next="true"/></style:style><style:style style:name="T1" style:family="text"><style:properties fo:font-weight="bold" style:font-weight-asian="bold" style:font-weight-complex="bold"/></style:style><style:style style:name="T2" style:family="text"><style:properties fo:font-weight="normal" style:font-weight-asian="normal" style:font-weight-complex="normal"/></style:style><style:style style:name="fr1" style:family="graphics" style:parent-style-name="Graphics"><style:properties style:horizontal-pos="center" style:horizontal-rel="paragraph" style:mirror="none" fo:clip="rect(0cm 0cm 0cm 0cm)" draw:luminance="0%" draw:contrast="0%" draw:red="0%" draw:green="0%" draw:blue="0%" draw:gamma="1" draw:color-inversion="false" draw:transparency="0%" draw:color-mode="standard"/></style:style><style:style style:name="Sect1" style:family="section"><style:properties fo:background-color="transparent"><style:columns fo:column-count="0" fo:column-gap="0cm"/><style:background-image/></style:properties></style:style><style:style style:name="Sect2" style:family="section"><style:properties><style:columns fo:column-count="0" fo:column-gap="0cm"/></style:properties></style:style><text:list-style style:name="L1"><text:list-level-style-bullet text:level="1" text:style-name="Bullet Symbols" style:num-suffix="." text:bullet-char=""><style:properties text:min-label-width="0.499cm" style:font-name="StarSymbol"/></text:list-level-style-bullet><text:list-level-style-bullet text:level="2" text:style-name="Bullet Symbols" style:num-suffix="." text:bullet-char=""><style:properties text:space-before="0.501cm" text:min-label-width="0.499cm" style:font-name="StarSymbol"/></text:list-level-style-bullet><text:list-level-style-bullet text:level="3" text:style-name="Bullet Symbols" style:num-suffix="." text:bullet-char=""><style:properties text:space-before="1cm" text:min-label-width="0.499cm" style:font-name="StarSymbol"/></text:list-level-style-bullet><text:list-level-style-bullet text:level="4" text:style-name="Bullet Symbols" style:num-suffix="." text:bullet-char=""><style:properties text:space-before="1.501cm" text:min-label-width="0.499cm" style:font-name="StarSymbol"/></text:list-level-style-bullet><text:list-level-style-bullet text:level="5" text:style-name="Bullet Symbols" style:num-suffix="." text:bullet-char=""><style:properties text:space-before="2cm" text:min-label-width="0.499cm" style:font-name="StarSymbol"/></text:list-level-style-bullet><text:list-level-style-bullet text:level="6" text:style-name="Bullet Symbols" style:num-suffix="." text:bullet-char=""><style:properties text:space-before="2.501cm" text:min-label-width="0.499cm" style:font-name="StarSymbol"/></text:list-level-style-bullet><text:list-level-style-bullet text:level="7" text:style-name="Bullet Symbols" style:num-suffix="." text:bullet-char=""><style:properties text:space-before="3.001cm" text:min-label-width="0.499cm" style:font-name="StarSymbol"/></text:list-level-style-bullet><text:list-level-style-bullet text:level="8" text:style-name="Bullet Symbols" style:num-suffix="." text:bullet-char=""><style:properties text:space-before="3.502cm" text:min-label-width="0.499cm" style:font-name="StarSymbol"/></text:list-level-style-bullet><text:list-level-style-bullet text:level="9" text:style-name="Bullet Symbols" style:num-suffix="." text:bullet-char=""><style:properties text:space-before="4.001cm" text:min-label-width="0.499cm" style:font-name="StarSymbol"/></text:list-level-style-bullet><text:list-level-style-bullet text:level="10" text:style-name="Bullet Symbols" style:num-suffix="." text:bullet-char=""><style:properties text:space-before="4.502cm" text:min-label-width="0.499cm" style:font-name="StarSymbol"/></text:list-level-style-bullet></text:list-style><text:list-style style:name="L2"><text:list-level-style-number text:level="1" text:style-name="Numbering Symbols" style:num-suffix="." style:num-format="1"><style:properties text:min-label-width="0.499cm"/></text:list-level-style-number><text:list-level-style-number text:level="2" text:style-name="Numbering Symbols" style:num-suffix="." style:num-format="1"><style:properties text:space-before="0.501cm" text:min-label-width="0.499cm"/></text:list-level-style-number><text:list-level-style-number text:level="3" text:style-name="Numbering Symbols" style:num-suffix="." style:num-format="1"><style:properties text:space-before="1cm" text:min-label-width="0.499cm"/></text:list-level-style-number><text:list-level-style-number text:level="4" text:style-name="Numbering Symbols" style:num-suffix="." style:num-format="1"><style:properties text:space-before="1.501cm" text:min-label-width="0.499cm"/></text:list-level-style-number><text:list-level-style-number text:level="5" text:style-name="Numbering Symbols" style:num-suffix="." style:num-format="1"><style:properties text:space-before="2cm" text:min-label-width="0.499cm"/></text:list-level-style-number><text:list-level-style-number text:level="6" text:style-name="Numbering Symbols" style:num-suffix="." style:num-format="1"><style:properties text:space-before="2.501cm" text:min-label-width="0.499cm"/></text:list-level-style-number><text:list-level-style-number text:level="7" text:style-name="Numbering Symbols" style:num-suffix="." style:num-format="1"><style:properties text:space-before="3.001cm" text:min-label-width="0.499cm"/></text:list-level-style-number><text:list-level-style-number text:level="8" text:style-name="Numbering Symbols" style:num-suffix="." style:num-format="1"><style:properties text:space-before="3.502cm" text:min-label-width="0.499cm"/></text:list-level-style-number><text:list-level-style-number text:level="9" text:style-name="Numbering Symbols" style:num-suffix="." style:num-format="1"><style:properties text:space-before="4.001cm" text:min-label-width="0.499cm"/></text:list-level-style-number><text:list-level-style-number text:level="10" text:style-name="Numbering Symbols" style:num-suffix="." style:num-format="1"><style:properties text:space-before="4.502cm" text:min-label-width="0.499cm"/></text:list-level-style-number></text:list-style></office:automatic-styles>
