<?xml version="1.0" encoding="UTF-8"?>
<!DOCTYPE office:document-content PUBLIC "-//OpenOffice.org//DTD OfficeDocument 1.0//EN" "office.dtd">
<office:document-content 
    xmlns:office="http://openoffice.org/2000/office" 
    xmlns:style="http://openoffice.org/2000/style" 
    xmlns:text="http://openoffice.org/2000/text" 
    xmlns:table="http://openoffice.org/2000/table" 
    xmlns:draw="http://openoffice.org/2000/drawing" 
    xmlns:fo="http://www.w3.org/1999/XSL/Format" 
    xmlns:xlink="http://www.w3.org/1999/xlink" 
    xmlns:number="http://openoffice.org/2000/datastyle" 
    xmlns:svg="http://www.w3.org/2000/svg" 
    xmlns:chart="http://openoffice.org/2000/chart" 
    xmlns:dr3d="http://openoffice.org/2000/dr3d" 
    xmlns:math="http://www.w3.org/1998/Math/MathML" 
    xmlns:form="http://openoffice.org/2000/form" 
    xmlns:script="http://openoffice.org/2000/script" 
    office:class="text" office:version="1.0">

<!-- Begin OO style definitions -->
.   literal from "$(oo_style:)"
<!-- End OO style definitions -->

<!-- Begin document -->
<office:body>
<text:sequence-decls>
    <text:sequence-decl text:display-outline-level="0" text:name="Illustration"/>
    <text:sequence-decl text:display-outline-level="0" text:name="Table"/>
    <text:sequence-decl text:display-outline-level="0" text:name="Text"/>
    <text:sequence-decl text:display-outline-level="0" text:name="Drawing"/>
</text:sequence-decls>

<!-- Document title page -->
<text:p text:style-name="P1" text:level="1">
    <text:line-break/>
    <text:line-break/>
    <text:line-break/>
    <text:line-break/>
    <text:line-break/>
    <text:line-break/>
    <text:line-break/>
    <text:line-break/>\n$(title:)
</text:p>
<text:p text:style-name="P3" text:level="2">$(subtitle:)</text:p>
<text:p text:style-name="P4">version $(version:)</text:p>
<text:p text:style-name="P2"/>
<text:p text:style-name="P2"/>
<text:p text:style-name="P2">$(author:)</text:p>
<text:p text:style-name="P2"/>
<text:p text:style-name="P2">$(copyright:)</text:p>
<text:p text:style-name="P2"/>
<text:p text:style-name="P4">Revised: $(date:)</text:p>

<!-- Table of contents -->
<text:table-of-content text:style-name="Sect1" text:protected="true" text:name="contents">
  <text:table-of-content-source text:outline-level="4">
    <text:index-title-template text:style-name="Contents Heading">Contents</text:index-title-template>
    <text:table-of-content-entry-template text:outline-level="1" text:style-name="Contents 1">
      <text:index-entry-chapter-number/>
      <text:index-entry-text/>
      <text:index-entry-tab-stop style:type="right" style:leader-char="."/>
      <text:index-entry-page-number/>
    </text:table-of-content-entry-template>
    <text:table-of-content-entry-template text:outline-level="2" text:style-name="Contents 2">
      <text:index-entry-chapter-number/>
      <text:index-entry-text/>
      <text:index-entry-tab-stop style:type="right" style:leader-char="."/>
      <text:index-entry-page-number/>
    </text:table-of-content-entry-template>
    <text:table-of-content-entry-template text:outline-level="3" text:style-name="Contents 3">
      <text:index-entry-chapter-number/>
      <text:index-entry-text/>
      <text:index-entry-tab-stop style:type="right" style:leader-char="."/>
      <text:index-entry-page-number/>
    </text:table-of-content-entry-template>
    <text:table-of-content-entry-template text:outline-level="4" text:style-name="Contents 4">
      <text:index-entry-chapter-number/>
      <text:index-entry-text/>
      <text:index-entry-tab-stop style:type="right" style:leader-char="."/>
      <text:index-entry-page-number/>
    </text:table-of-content-entry-template>
    <text:table-of-content-entry-template text:outline-level="5" text:style-name="Contents 5">
      <text:index-entry-chapter-number/>
      <text:index-entry-text/>
      <text:index-entry-tab-stop style:type="right" style:leader-char="."/>
      <text:index-entry-page-number/>
    </text:table-of-content-entry-template>
    <text:table-of-content-entry-template text:outline-level="6" text:style-name="Contents 6">
      <text:index-entry-chapter-number/>
      <text:index-entry-text/>
      <text:index-entry-tab-stop style:type="right" style:leader-char="."/>
      <text:index-entry-page-number/>
    </text:table-of-content-entry-template>
    <text:table-of-content-entry-template text:outline-level="7" text:style-name="Contents 7">
      <text:index-entry-chapter-number/>
      <text:index-entry-text/>
      <text:index-entry-tab-stop style:type="right" style:leader-char="."/>
      <text:index-entry-page-number/>
    </text:table-of-content-entry-template>
    <text:table-of-content-entry-template text:outline-level="8" text:style-name="Contents 8">
      <text:index-entry-chapter-number/>
      <text:index-entry-text/>
      <text:index-entry-tab-stop style:type="right" style:leader-char="."/>
      <text:index-entry-page-number/>
    </text:table-of-content-entry-template>
    <text:table-of-content-entry-template text:outline-level="9" text:style-name="Contents 9">
      <text:index-entry-chapter-number/>
      <text:index-entry-text/>
      <text:index-entry-tab-stop style:type="right" style:leader-char="."/>
      <text:index-entry-page-number/>
    </text:table-of-content-entry-template>
    <text:table-of-content-entry-template text:outline-level="10" text:style-name="Contents 10">
      <text:index-entry-chapter-number/>
      <text:index-entry-text/>
      <text:index-entry-tab-stop style:type="right" style:leader-char="."/>
      <text:index-entry-page-number/>
    </text:table-of-content-entry-template>
  </text:table-of-content-source>
  <text:index-body>
    <text:index-title text:style-name="Sect2" text:name="contents_Head">
      <text:p text:style-name="P5">Contents</text:p>
    </text:index-title>
    <text:p text:style-name="P6"></text:p>
  </text:index-body>
</text:table-of-content>

<!-- Document body -->
$(body:)

</office:body>
<!-- End document -->
</office:document-content>