<?xml version="1.0" encoding="UTF-8"?>
<!DOCTYPE office:document-content PUBLIC "-//OpenOffice.org//DTD OfficeDocument 1.0//EN" "office.dtd">
<office:document-styles 
    xmlns:office="http://openoffice.org/2000/office" 
    xmlns:style="http://openoffice.org/2000/style" 
    xmlns:text="http://openoffice.org/2000/text" 
    xmlns:table="http://openoffice.org/2000/table" 
    xmlns:draw="http://openoffice.org/2000/drawing" 
    xmlns:fo="http://www.w3.org/1999/XSL/Format" 
    xmlns:xlink="http://www.w3.org/1999/xlink" 
    xmlns:number="http://openoffice.org/2000/datastyle" 
    xmlns:svg="http://www.w3.org/2000/svg" 
    xmlns:chart="http://openoffice.org/2000/chart" 
    xmlns:dr3d="http://openoffice.org/2000/dr3d" 
    xmlns:math="http://www.w3.org/1998/Math/MathML" 
    xmlns:form="http://openoffice.org/2000/form" 
    xmlns:script="http://openoffice.org/2000/script" 
    office:version="1.0">

<!-- Begin OO style definitions -->
.   literal from "$(oo_style:)"
<!-- End OO style definitions -->

<!-- Master styles-->
<office:master-styles>
  <style:master-page style:name="Standard" style:page-master-name="pm1">
    <style:header>
      <table:table table:name="Table2" table:style-name="Table2">
        <table:table-column table:style-name="Table2.A"/>
        <table:table-column table:style-name="Table2.B"/>
        <table:table-header-rows>
          <table:table-row>
            <table:table-cell table:style-name="Table2.A1" table:value-type="string">
              <text:p text:style-name="P1">$(copyright:)
              </text:p>
            </table:table-cell>
            <table:table-cell table:style-name="Table2.A1" table:value-type="string">
              <text:p text:style-name="P2">R$(title:) - $(subtitle:)
              </text:p>
            </table:table-cell>
          </table:table-row>
        </table:table-header-rows>
      </table:table>
    </style:header>
    <style:footer>
      <table:table table:name="Table3" table:style-name="Table3">
        <table:table-column table:style-name="Table3.A"/>
        <table:table-column table:style-name="Table3.B"/>
        <table:table-header-rows>
          <table:table-row>
            <table:table-cell table:style-name="Table3.A1" table:value-type="string">
              <text:p text:style-name="P1">$(version:) - $(date:)
              </text:p>
            </table:table-cell>
            <table:table-cell table:style-name="Table3.A1" table:value-type="string">
              <text:p text:style-name="P2">Page 
                <text:page-number text:select-page="current">1
                </text:page-number>
              </text:p>
            </table:table-cell>
          </table:table-row>
        </table:table-header-rows>
      </table:table>
    </style:footer>
  </style:master-page>
  <style:master-page style:name="First Page" style:page-master-name="pm2"/>
  <style:master-page style:name="Index" style:page-master-name="pm3">
    <style:header>
      <table:table table:name="Tableau1" table:style-name="Tableau1">
        <table:table-column table:style-name="Tableau1.A"/>
        <table:table-column table:style-name="Tableau1.B"/>
        <table:table-header-rows>
          <table:table-row>
            <table:table-cell table:style-name="Tableau1.A1" table:value-type="string">
              <text:p text:style-name="P1">$(copyright:)
              </text:p>
            </table:table-cell>
            <table:table-cell table:style-name="Tableau1.A1" table:value-type="string">
              <text:p text:style-name="P2">$(title:) - $(subtitle:)
              </text:p>
            </table:table-cell>
          </table:table-row>
        </table:table-header-rows>
      </table:table>
    </style:header>
    <style:footer>
      <table:table table:name="Tableau2" table:style-name="Tableau2">
        <table:table-column table:style-name="Tableau2.A"/>
        <table:table-column table:style-name="Tableau2.B"/>
        <table:table-header-rows>
          <table:table-row>
            <table:table-cell table:style-name="Tableau2.A1" table:value-type="string">
              <text:p text:style-name="P1">v$(version:) - $(date)
              </text:p>
            </table:table-cell>
            <table:table-cell table:style-name="Tableau2.A1" table:value-type="string">
              <text:p text:style-name="P2">Page 
                <text:page-number style:num-format="i" text:select-page="current">i
                </text:page-number>
              </text:p>
            </table:table-cell>
          </table:table-row>
        </table:table-header-rows>
      </table:table>
    </style:footer>
  </style:master-page>
</office:master-styles>

</office:document-styles>
